{
  "project_info": {
    "project_number": "802645940839",
    "project_id": "cjunc-f651b",
    "storage_bucket": "cjunc-f651b.appspot.com"
  },
  "client": [
    {
      "client_info": {
        "mobilesdk_app_id": "1:802645940839:android:bdeada0d70d9827d6252c2",
        "android_client_info": {
          "package_name": "com.example.cj"
        }
      },
      "oauth_client": [
        {
          "client_id": "802645940839-1nf4sah1cmk0afn90cdnst7uul3suae5.apps.googleusercontent.com",
          "client_type": 3
        }
      ],
      "api_key": [
        {
          "current_key": "AIzaSyD1uArfbSOL0GDcoQ_7X0QwGxQtLlqptyI"
        }
      ],
      "services": {
        "appinvite_service": {
          "other_platform_oauth_client": [
            {
              "client_id": "802645940839-1nf4sah1cmk0afn90cdnst7uul3suae5.apps.googleusercontent.com",
              "client_type": 3
            }
          ]
        }
      }
    }
  ],
  "configuration_version": "1"
}